1578474234.305539,0.0,0.00098,0.0
1578474234.430242,0.0,-0.00098,0.0
1578474234.533849,0.0,-0.00196,0.0
1578474234.6375465,0.0,-0.00098,0.0
1578474234.742968,0.0,0.0,0.0
1578474234.847138,0.0,-0.00098,0.0
1578474234.9517436,0.0,-0.00294,0.0
1578474235.0544333,0.0,0.00294,0.0
1578474235.1574366,0.0,-0.00098,0.0
1578474235.2602632,0.0,0.0,0.0
1578474235.3634667,0.0,-0.00098,0.0
1578474235.4664023,0.0,-0.00392,0.0
1578474235.5699952,0.0,0.0,0.0
1578474235.6753051,0.0,0.0,0.0
1578474235.7789507,0.0,0.00098,0.0
1578474235.8819656,0.0,-0.00098,0.0
1578474235.9849925,0.0,0.00098,0.0
1578474236.087432,0.0,0.00196,0.0
1578474236.1994817,0.0,0.0,0.0
1578474236.3195887,0.0,0.00098,0.0
1578474236.4219205,0.0,-0.00098,0.0
1578474236.5251265,0.0,-0.00098,0.0
1578474236.6284883,0.0,0.00098,0.0
1578474236.7318735,0.0,0.00392,0.0
1578474236.8352482,0.0,-0.00098,0.0
1578474236.9379237,0.0,-0.00098,0.0
1578474237.040988,0.0,0.0,0.0
1578474237.143291,0.0,-0.00098,0.0
1578474237.2462435,0.0,0.00098,0.0
1578474237.349083,0.0,0.0,0.0
1578474237.4518561,0.0,0.0,0.0
1578474237.556054,0.0,0.00098,0.0
1578474237.6603596,0.0,0.0,0.0
1578474237.7635117,0.0,0.00098,0.0
1578474237.865821,0.0,-0.00294,0.0
1578474237.9686918,0.0,-0.00098,0.0
1578474238.0949192,0.0,0.00294,0.0
1578474238.2006397,0.0,0.0,0.0
1578474238.3038542,0.0,-0.00098,0.0
1578474238.4075959,0.0,-0.00098,0.0
1578474238.5116642,0.0,-0.00098,0.0
1578474238.6158574,0.0,-0.00098,0.0
1578474238.7189796,0.0,0.00098,0.0
1578474238.8358335,0.0,0.00098,0.0
1578474238.9390285,0.0,0.0,0.0
1578474239.0419006,0.0,0.00294,0.0
1578474239.1454313,0.0,-0.00098,0.0
1578474239.2489338,0.0,-0.00098,0.0
1578474239.3518493,0.0,0.00098,0.0
1578474239.454361,0.0,0.00196,0.0
1578474239.5574872,0.0,0.00294,0.0
1578474239.660983,0.0,0.00196,0.0
1578474239.7635837,0.0,0.00098,0.0
1578474239.8673208,0.0,0.00196,0.0
1578474239.9950345,0.0,0.0,0.0
1578474240.0975673,0.0,-0.00098,0.0
1578474240.2012496,0.0,0.0,0.0
1578474240.3045592,0.0,0.0,0.0
1578474240.4077277,0.0,0.00098,0.0
1578474240.5107543,0.0,-0.00196,0.0
1578474240.6141324,0.0,0.0,0.0
1578474240.7177322,0.0,0.00098,0.0
1578474240.82012,0.0,0.00098,0.0
1578474240.92384,0.0,0.0,0.0
1578474241.0271373,0.0,-0.00196,0.0
1578474241.130092,0.0,-0.00098,0.0
1578474241.2336843,0.0,-0.00098,0.0
1578474241.3366122,0.0,-0.00098,0.0
1578474241.4393368,0.0,0.0,0.0
1578474241.5422783,0.0,-0.00098,0.0
1578474241.6449187,0.0,-0.00196,0.0
1578474241.761332,0.0,0.0,0.0
1578474241.8783438,0.0,0.00098,0.0
1578474241.9812737,0.0,-0.00294,0.0
1578474242.084158,0.0,-0.00098,0.0
1578474242.187241,0.0,0.00196,0.0
1578474242.2901323,0.0,-0.00294,0.0
1578474242.392927,0.0,0.00294,0.0
1578474242.4948697,0.0,-0.00098,0.0
1578474242.5974007,0.0,-0.00098,0.0
1578474242.6997035,0.0,0.00098,0.0
1578474242.802206,0.0,-0.00196,0.0
1578474242.904916,0.0,-0.00098,0.0
1578474243.0073717,0.0,-0.00098,0.0
1578474243.109734,0.0,-0.00196,0.0
1578474243.2125804,0.0,0.0,0.0
1578474243.3149629,0.0,0.0,0.0
1578474243.4175022,0.0,-0.00098,0.0
1578474243.5200913,0.0,-0.00196,0.0
1578474243.6422756,0.0,0.00098,0.0
1578474243.7533448,0.0,-0.00196,0.0
1578474243.856665,0.0,0.0,0.0
1578474243.9594889,0.0,0.0,0.0
1578474244.0617895,0.0,-0.00098,0.0
1578474244.164451,0.0,-0.00098,0.0
1578474244.2680862,0.0,0.00098,0.0
1578474244.3710155,0.0,-0.00196,0.0
1578474244.4741383,0.0,-0.00294,0.0
1578474244.577861,0.0,-0.00098,0.0
1578474244.68313,0.0,0.00098,0.0
1578474244.787558,0.0,-0.00098,0.0
1578474244.889406,0.0,-0.00098,0.0
1578474244.9914572,0.0,-0.00098,0.0
1578474245.0936992,0.0,-0.00098,0.0
1578474245.195906,0.0,-0.00196,0.0
1578474245.2985682,0.0,-0.00098,0.0
1578474245.4018183,0.0,-0.00392,0.0
1578474245.538324,0.0,0.00098,0.0
1578474245.6418228,0.0,0.0,0.0
1578474245.7467866,0.0,0.0,0.0
1578474245.8489478,0.0,0.00098,0.0
1578474245.9513187,0.0,-0.00098,0.0
1578474246.0536935,0.0,-0.00196,0.0
1578474246.1560807,0.0,0.00098,0.0
1578474246.2589822,0.0,0.00196,0.0
1578474246.3624332,0.0,0.0,0.0
1578474246.466022,0.0,0.0,0.0
1578474246.5701177,0.0,0.00098,0.0
1578474246.6734025,0.0,0.00196,0.0
1578474246.7775998,0.0,0.0,0.0
1578474246.8800836,0.0,-0.00196,0.0
1578474246.9832377,0.0,0.00098,0.0
1578474247.0864615,0.0,0.0,0.0
1578474247.1890135,0.0,-0.00294,0.0
1578474247.2940311,0.0,0.00098,0.0
1578474247.4281037,0.0,0.00098,0.0
1578474247.5318525,0.0,0.0,0.0
1578474247.6363037,0.0,0.00196,0.0
1578474247.7396443,0.0,0.00098,0.0
1578474247.8422158,0.0,-0.00098,0.0
1578474247.9452584,0.0,0.0,0.0
1578474248.0479798,0.0,0.00196,0.0
1578474248.1508808,0.0,-0.00098,0.0
1578474248.254527,0.0,0.0,0.0
1578474248.3593464,0.0,-0.00098,0.0
1578474248.463064,0.0,-0.00098,0.0
1578474248.5663095,0.0,0.0,0.0
1578474248.6701963,0.0,-0.00392,0.0
1578474248.773435,0.0,0.00294,0.0
1578474248.8765757,0.0,-0.00098,0.0
1578474248.9792855,0.0,0.00098,0.0
1578474249.082264,0.0,-0.00098,0.0
1578474249.192905,0.0,-0.00294,0.0
1578474249.3209603,0.0,0.00098,0.0
1578474249.4279492,0.0,0.0,0.0
1578474249.5312712,0.0,-0.00196,0.0
1578474249.6337333,0.0,0.0,0.0
1578474249.737669,0.0,0.00098,0.0
1578474249.8573177,0.0,0.0,0.0
1578474249.9608614,0.0,0.0,0.0
1578474250.0637066,0.0,-0.00098,0.0
1578474250.1671305,0.0,-0.00098,0.0
1578474250.2703805,0.0,-0.00294,0.0
1578474250.3742335,0.0,0.00294,0.0
1578474250.4786875,0.0,-0.00294,0.0
1578474250.5826473,0.0,0.0,0.0
1578474250.685393,0.0,0.00098,0.0
1578474250.7884858,0.0,-0.00196,0.0
1578474250.8914337,0.0,-0.00196,0.0
1578474250.99415,0.0,0.0,0.0
1578474251.1166508,0.0,0.00098,0.0
1578474251.2261212,0.0,0.00196,0.0
1578474251.3297508,0.0,0.00196,0.0
1578474251.4336228,0.0,-0.00294,0.0
1578474251.537525,0.0,0.0,0.0
1578474251.640982,0.0,-0.00098,0.0
1578474251.7433197,0.0,-0.00098,0.0
1578474251.8466427,0.0,0.00196,0.0
1578474251.9494617,0.0,0.0,0.0
1578474252.0518856,0.0,0.0,0.0
1578474252.1553948,0.0,-0.00098,0.0
1578474252.2588458,0.0,0.00196,0.0
1578474252.3623412,0.0,0.00098,0.0
1578474252.4656348,0.0,0.00098,0.0
1578474252.5689313,0.0,0.00098,0.0
1578474252.6724765,0.0,-0.00098,0.0
1578474252.7753754,0.0,0.0,0.0
1578474252.8788342,0.0,0.0,0.0
1578474253.0012648,0.0,0.00098,0.0
1578474253.10962,0.0,0.00196,0.0
1578474253.2134125,0.0,0.00098,0.0
1578474253.3184712,0.0,0.00098,0.0
1578474253.4221225,0.0,-0.00098,0.0
1578474253.5270717,0.0,-0.00098,0.0
1578474253.6299825,0.0,0.00196,0.0
1578474253.733163,0.0,0.0,0.0
1578474253.835811,0.0,0.00098,0.0
1578474253.9380326,0.0,0.0,0.0
1578474254.0415058,0.0,0.0,0.0
1578474254.145489,0.0,0.00098,0.0
1578474254.254612,0.0,-0.00098,0.0
1578474254.3582773,0.0,-0.00098,0.0
1578474254.4613507,0.0,-0.00196,0.0
1578474254.564173,0.0,-0.00098,0.0
1578474254.6675527,0.0,0.00196,0.0
1578474254.7700856,0.0,-0.00098,0.0
1578474254.9014509,0.0,-0.00098,0.0
1578474255.0048473,0.0,0.00098,0.0
1578474255.1089087,0.0,-0.00098,0.0
1578474255.2123437,0.0,0.00294,0.0
1578474255.3157072,0.0,0.00098,0.0
1578474255.4191134,0.0,-0.00098,0.0
1578474255.5219321,0.0,0.00098,0.0
1578474255.6247845,0.0,0.0,0.0
1578474255.7278504,0.0,0.00098,0.0
1578474255.8309588,0.0,-0.00196,0.0
1578474255.9345193,0.0,-0.00196,0.0
1578474256.0395303,0.0,-0.00098,0.0
1578474256.1434314,0.0,0.00196,0.0
1578474256.2455864,0.0,0.00294,0.0
1578474256.3510277,0.0,0.0,0.0
1578474256.4540904,0.0,0.00098,0.0
1578474256.5572007,0.0,-0.00098,0.0
1578474256.666244,0.0,-0.00098,0.0
1578474256.7862823,0.0,0.00196,0.0
1578474256.8896499,0.0,0.00294,0.0
1578474256.993429,0.0,-0.00098,0.0
1578474257.0976627,0.0,-0.00196,0.0
1578474257.2011871,0.0,0.00294,0.0
1578474257.3054364,0.0,0.0,0.0
1578474257.4086733,0.0,0.0,0.0
1578474257.5114954,0.0,0.00098,0.0
1578474257.61474,0.0,0.0,0.0
1578474257.7177658,0.0,-0.00196,0.0
1578474257.8215396,0.0,-0.00196,0.0
1578474257.924351,0.0,-0.00098,0.0
1578474258.028634,0.0,-0.00196,0.0
1578474258.1328113,0.0,0.00098,0.0
1578474258.2357984,0.0,0.00294,0.0
1578474258.338272,0.0,-0.00196,0.0
1578474258.4407463,0.0,0.00098,0.0
1578474258.5542126,0.0,0.0,0.0
1578474258.673181,0.0,-0.00294,0.0
1578474258.7760274,0.0,0.0,0.0
1578474258.8797774,0.0,0.00098,0.0
1578474258.9854932,0.0,0.00098,0.0
1578474259.0886824,0.0,0.00098,0.0
1578474259.191935,0.0,-0.00196,0.0
1578474259.2989676,0.0,0.00098,0.0
1578474259.4015899,0.0,-0.00392,0.0
1578474259.504509,0.0,-0.00196,0.0
1578474259.6070423,0.0,0.00098,0.0
1578474259.7092066,0.0,-0.00196,0.0
1578474259.8115556,0.0,-0.00098,0.0
1578474259.916585,0.0,0.00098,0.0
1578474260.0199683,0.0,-0.00196,0.0
1578474260.1233096,0.0,-0.00098,0.0
1578474260.2259483,0.0,-0.00196,0.0
1578474260.3291519,0.0,0.0,0.0
1578474260.4507313,0.0,-0.00098,0.0
1578474260.5558393,0.0,0.0,0.0
1578474260.6590605,0.0,0.00294,0.0
1578474260.7620585,0.0,0.00098,0.0
1578474260.88536,0.0,0.0,0.0
1578474260.989383,0.0,0.00098,0.0
1578474261.092726,0.0,0.00196,0.0
1578474261.1955245,0.0,-0.00196,0.0
1578474261.2983594,0.0,0.00196,0.0
1578474261.4013467,0.0,0.00196,0.0
1578474261.5043569,0.0,0.00196,0.0
1578474261.6077824,0.0,0.00098,0.0
1578474261.7111666,0.0,-0.00098,0.0
1578474261.816008,0.0,-0.00196,0.0
1578474261.9196475,0.0,-0.00098,0.0
1578474262.0247579,0.0,-0.00196,0.0
1578474262.12736,0.0,0.0,0.0
1578474262.2295232,0.0,0.0,0.0
1578474262.3605149,0.0,-0.00098,0.0
1578474262.4632564,0.0,0.00196,0.0
1578474262.5672178,0.0,0.00098,0.0
1578474262.6704357,0.0,0.0,0.0
1578474262.7741075,0.0,0.00294,0.0
1578474262.8775258,0.0,0.00098,0.0
1578474262.9805822,0.0,0.00098,0.0
1578474263.083097,0.0,0.00098,0.0
1578474263.1885731,0.0,-0.00098,0.0
1578474263.2908843,0.0,-0.00196,0.0
1578474263.393422,0.0,-0.00196,0.0
1578474263.4953115,0.0,0.0,0.0
1578474263.5974278,0.0,-0.00098,0.0
1578474263.7015464,0.0,0.00098,0.0
1578474263.8052516,0.0,0.0,0.0
1578474263.910671,0.0,-0.00196,0.0
1578474264.0135448,0.0,-0.00294,0.0
1578474264.124698,0.0,0.00098,0.0
1578474264.2525406,0.0,-0.00294,0.0
1578474264.3550591,0.0,0.0,0.0
1578474264.458687,0.0,0.00294,0.0
1578474264.5610805,0.0,0.0,0.0
1578474264.664253,0.0,0.0,0.0
1578474264.767838,0.0,0.00196,0.0
1578474264.871702,0.0,-0.00098,0.0
1578474264.9754183,0.0,0.00098,0.0
1578474265.0789351,0.0,-0.00098,0.0
1578474265.1814513,0.0,0.0,0.0
1578474265.2846482,0.0,-0.00098,0.0
1578474265.3874257,0.0,-0.00196,0.0
1578474265.4908004,0.0,0.0049,0.0
1578474265.5934207,0.0,0.0,0.0
1578474265.6973283,0.0,0.0,0.0
1578474265.800772,0.0,0.00098,0.0
1578474265.9048457,0.0,0.00098,0.0
1578474266.028641,0.0,0.0,0.0
1578474266.1341734,0.0,-0.00294,0.0
1578474266.2365968,0.0,-0.00196,0.0
1578474266.3389454,0.0,0.00196,0.0
1578474266.4421732,0.0,0.00098,0.0
1578474266.5454423,0.0,-0.00098,0.0
1578474266.6505399,0.0,-0.00196,0.0
1578474266.7533104,0.0,-0.00196,0.0
1578474266.8565626,0.0,-0.00098,0.0
1578474266.9584365,0.0,0.0,0.0
1578474267.060534,0.0,-0.00098,0.0
1578474267.1625445,0.0,-0.00196,0.0
1578474267.2644625,0.0,-0.00098,0.0
1578474267.3670416,0.0,-0.00196,0.0
1578474267.4704225,0.0,0.0,0.0
1578474267.5734854,0.0,-0.00098,0.0
1578474267.679324,0.0,0.00294,0.0
1578474267.7808576,0.0,0.0,0.0
1578474267.9096136,0.0,-0.00196,0.0
1578474268.011697,0.0,0.0,0.0
1578474268.1150553,0.0,0.0,0.0
1578474268.2185504,0.0,-0.00196,0.0
1578474268.3213377,0.0,0.00098,0.0
1578474268.4255054,0.0,0.00098,0.0
1578474268.5292754,0.0,0.00098,0.0
1578474268.6325598,0.0,0.00098,0.0
1578474268.7345123,0.0,0.00196,0.0
1578474268.836996,0.0,0.0,0.0
1578474268.9391458,0.0,0.0049,0.0
1578474269.0413492,0.09498999999999999,0.22089000000000003,0.0
1578474269.1457374,3.5741799999999997,-0.10896000000000002,0.0
1578474269.2548068,7.0384,-0.1031,0.0
1578474269.3605254,11.7548,0.14236,0.0
1578474269.4645612,15.331490000000002,0.12566999999999998,0.0
1578474269.5687091,18.773210000000002,0.10504,0.0
1578474269.674977,22.254910000000002,0.14923000000000003,0.0
1578474269.800065,26.194,0.12271999999999998,0.0
1578474269.9034736,29.990640000000003,0.11291000000000002,0.0
1578474270.0074878,33.46733999999999,0.14529,0.0
1578474270.112041,36.94404,0.15511,0.8039999999999999
1578474270.2157571,40.42575,0.15708999999999998,2.412
1578474270.321913,43.90495,0.12173,1.6079999999999999
1578474270.426623,47.42914,0.14825,2.412
1578474270.5315464,50.90834,0.15414999999999998,4.02
1578474270.6354966,54.38505,0.13155,3.2159999999999997
1578474270.7387385,57.814260000000004,0.14038,4.824
1578474270.8420737,61.23846999999999,0.11878000000000002,4.824
1578474270.9454114,62.8606,-0.10506,-0.8039999999999999
1578474271.0490348,61.87084,-0.08441,0.0
1578474271.1540155,61.483399999999996,-0.08051,0.0
1578474271.2597494,61.34598000000001,-0.06576,0.0
1578474271.3645453,61.29850000000001,-0.07364,0.0
1578474271.4712372,61.286000000000016,-0.060869999999999994,0.0
1578474271.5881062,61.27850000000001,-0.07558999999999999,0.0
1578474271.7046537,61.2735,-0.0746,0.0
1578474271.8172958,61.27350000000001,-0.06969,0.0
1578474271.9250848,61.271,-0.0648,0.0
1578474272.029072,61.275999999999996,-0.06775,0.0
1578474272.133901,61.275999999999996,-0.06578,0.0
1578474272.2386477,61.2735,-0.07166,0.0
1578474272.3452501,61.275999999999996,-0.06676,0.0
1578474272.4486742,61.268499999999996,-0.07264999999999999,0.0
1578474272.551513,61.2635,-0.06381,0.0
1578474272.6542165,61.2685,-0.07166,0.0
1578474272.7573192,61.271,-0.06775,0.0
1578474272.8608582,61.2735,-0.07069,0.0
1578474272.9631767,61.275999999999996,-0.06576,0.0
1578474273.068405,61.27850000000001,-0.07364,0.0
1578474273.1720088,61.2735,-0.06971,0.0
1578474273.2753136,61.2685,-0.06283,0.0
1578474273.3785875,61.271,-0.07655999999999999,0.0
1578474273.5118701,61.271,-0.07557,0.0
1578474273.6148226,61.2685,-0.07952000000000001,0.0
1578474273.7183053,61.275999999999996,-0.07264000000000001,0.0
1578474273.8228502,61.2685,-0.06873,0.0
1578474273.9266038,61.271,-0.07755999999999999,0.0
1578474274.0308387,61.271,-0.07854,0.0
1578474274.1350296,61.2735,-0.07068,0.0
1578474274.237276,61.28099999999999,-0.06873,0.0
1578474274.3396618,61.2735,-0.06674999999999999,0.0
1578474274.4424422,61.28099999999999,-0.06775,0.0
1578474274.5448842,61.2735,-0.058899999999999994,0.0
1578474274.6480887,61.26850000000002,-0.06381,0.0
1578474274.7510893,61.266,-0.06774,0.0
1578474274.854739,61.275999999999996,-0.07263,0.0
1578474274.9583647,61.271,-0.058899999999999994,0.0
1578474275.061902,61.27350000000001,-0.07164999999999999,0.0
1578474275.1649575,61.27850000000001,-0.061849999999999995,0.0
1578474275.273319,61.275999999999996,-0.061840000000000006,0.0
1578474275.3972354,61.27850000000001,-0.07067999999999999,0.0
1578474275.4992356,61.28099999999999,-0.06577,0.0
1578474275.602024,61.2735,-0.06477999999999999,0.0
1578474275.7050784,61.275999999999996,-0.04810999999999999,0.0
1578474275.8129857,61.2735,-0.057929999999999995,0.0
1578474275.917245,61.27350000000001,-0.07757,0.0
1578474276.0215425,61.271,-0.07361999999999999,0.0
1578474276.1247222,61.27850000000001,-0.054000000000000006,0.0
1578474276.2271945,61.28100000000002,-0.06871999999999999,0.0
1578474276.329141,61.275999999999996,-0.07167,0.0
1578474276.4310646,61.271,-0.06381999999999999,0.0
1578474276.533389,61.2735,-0.061849999999999995,0.0
1578474276.6372795,61.27350000000001,-0.06872,0.0
1578474276.7417102,61.271,-0.05891999999999999,0.0
1578474276.845825,61.271,-0.060880000000000004,0.0
1578474276.9500802,61.268499999999996,-0.06185,0.0
1578474277.052472,61.271,-0.055969999999999985,0.0
1578474277.1723876,61.2735,-0.06283000000000001,0.0
1578474277.2824264,61.2685,-0.061849999999999995,0.0
1578474277.3843951,61.275999999999996,-0.07362,0.0
1578474277.4874425,61.2735,-0.06774,0.0
1578474277.5906222,61.2685,-0.05989999999999999,0.0
1578474277.6993306,61.266000000000005,-0.0638,0.0
1578474277.8030963,61.26850000000002,-0.07069,0.0
1578474277.9050274,61.283500000000004,-0.07067999999999999,0.0
1578474278.0072322,61.275999999999996,-0.06774,0.0
1578474278.1088693,61.271,-0.06674999999999999,0.0
1578474278.210763,61.2735,-0.0756,0.0
1578474278.312894,61.2685,-0.05988,0.0
1578474278.4158676,61.266000000000005,-0.06775,0.0
1578474278.5194416,61.2735,-0.052039999999999996,0.0
1578474278.6240344,61.271,-0.058910000000000004,0.0
1578474278.729603,61.2685,-0.055959999999999996,0.0
1578474278.832463,61.27850000000001,-0.05497,0.0
1578474278.9343596,61.275999999999996,-0.05204000000000001,0.0
1578474279.0636742,61.28099999999999,-0.06874,0.0
1578474279.1670685,61.275999999999996,-0.06282,0.0
1578474279.277716,61.2685,-0.05989,0.0
1578474279.3825183,61.271,-0.058899999999999994,0.0
1578474279.4888012,61.271,-0.07067999999999999,0.0
1578474279.5930908,61.275999999999996,-0.06085999999999999,0.0
1578474279.6963673,61.27350000000001,-0.06283,0.0
1578474279.7995946,61.2735,-0.054990000000000004,0.0
1578474279.9025989,61.271,-0.061849999999999995,0.0
1578474280.005267,61.2735,-0.06871,0.0
1578474280.1092231,61.27850000000001,-0.05205,0.0
1578474280.2131805,61.26850000000002,-0.05987999999999999,0.0
1578474280.3188894,61.27350000000001,-0.06281,0.0
1578474280.4227889,61.271,-0.0638,0.0
1578474280.5263486,61.28099999999999,-0.06773,0.0
1578474280.6287549,61.275999999999996,-0.05891,0.0
1578474280.7308767,61.27850000000001,-0.05791999999999999,0.0
1578474280.8338583,61.2685,-0.06478999999999999,0.0
1578474280.960812,61.28099999999999,-0.054979999999999994,0.0
1578474281.0648487,61.271,-0.053989999999999996,0.0
1578474281.1683397,61.271,-0.054990000000000004,0.0
1578474281.2758424,61.2735,-0.07069,0.0
1578474281.3791564,61.275999999999996,-0.06185,0.0
1578474281.4824176,61.27850000000001,-0.06579,0.0
1578474281.587209,61.2735,-0.06873,0.0
1578474281.688963,61.275999999999996,-0.0481,0.0
1578474281.7908945,61.275999999999996,-0.05989,0.0
1578474281.8928683,61.275999999999996,-0.05401,0.0
1578474281.9958642,61.275999999999996,-0.05399999999999999,0.0
1578474282.100516,61.26850000000002,-0.058910000000000004,0.0
1578474282.2043593,61.2735,-0.06873,0.0
1578474282.310059,61.266000000000005,-0.07364,0.0
1578474282.4123898,61.2735,-0.057929999999999995,0.0
1578474282.5143027,61.271,-0.06674999999999999,0.0
1578474282.6165419,61.28099999999999,-0.06871000000000001,0.0
1578474282.7296402,61.27350000000001,-0.06185,0.0
1578474282.8673759,61.283500000000004,-0.06283,0.0
1578474282.970728,61.275999999999996,-0.06774000000000001,0.0
1578474283.0751612,61.27850000000001,-0.07361999999999999,0.0
1578474283.1790602,61.27850000000001,-0.06576000000000001,0.0
1578474283.2827227,61.271,-0.06774,0.0
1578474283.3850033,61.271,-0.06281999999999999,0.0
1578474283.487495,61.275999999999996,-0.06381,0.0
1578474283.5898526,61.271,-0.06577,0.0
1578474283.6923726,61.2735,-0.06381,0.0
1578474283.7947724,61.271,-0.054979999999999994,0.0
1578474283.8983343,61.27350000000001,-0.0648,0.0
1578474284.002984,61.271,-0.0648,0.0
1578474284.1066778,61.2735,-0.06478999999999999,0.0
1578474284.2099032,61.26850000000002,-0.06969,0.0
1578474284.3127382,61.275999999999996,-0.07166,0.0
1578474284.414833,61.2685,-0.07067999999999999,0.0
1578474284.517566,61.275999999999996,-0.05987,0.0
1578474284.6399193,61.266000000000005,-0.07166,0.0
1578474284.748644,61.27850000000001,-0.06381999999999999,0.0
1578474284.852953,61.271,-0.06871,0.0
1578474284.957178,61.2685,-0.06871999999999999,0.0
1578474285.0610125,61.27850000000001,-0.06871000000000001,0.0
1578474285.1651037,61.275999999999996,-0.07658000000000001,0.0
1578474285.2681637,61.27850000000001,-0.06577999999999999,0.0
1578474285.370315,61.271,-0.07167,0.0
1578474285.4728594,61.28099999999999,-0.06576,0.0
1578474285.575006,61.271,-0.07462,0.0
1578474285.678075,61.2685,-0.06774,0.0
1578474285.7819405,61.28099999999999,-0.07165,0.0
1578474285.8878465,61.27850000000001,-0.0864,0.0
1578474285.9924917,61.275999999999996,-0.06283,0.0
1578474286.0980678,61.27850000000001,-0.0648,0.0
1578474286.2014375,61.275999999999996,-0.05203,0.0
1578474286.3051493,61.27350000000001,-0.07658000000000001,0.0
1578474286.4088213,61.268499999999996,-0.06577000000000001,0.0
1578474286.5406494,61.275999999999996,-0.07263,0.0
1578474286.6439848,61.2735,-0.07754,0.0
1578474286.7476723,61.28099999999999,-0.0638,0.0
1578474286.8510492,61.266000000000005,-0.07067999999999999,0.0
1578474286.9551806,61.2735,-0.06085999999999999,0.0
1578474287.0602977,61.27350000000001,-0.05989,0.0
1578474287.1622458,61.275999999999996,-0.06577,0.0
1578474287.2647421,61.275999999999996,-0.07363,0.0
1578474287.3673959,61.271,-0.06774,0.0
1578474287.4698777,61.2735,-0.06969,0.0
1578474287.5730605,61.2735,-0.07756999999999999,0.0
1578474287.6766586,61.271,-0.06676,0.0
1578474287.784412,61.271,-0.06871,0.0
1578474287.8882394,61.275999999999996,-0.07853,0.0
1578474287.9916046,61.278499999999994,-0.0746,0.0
1578474288.094253,61.275999999999996,-0.07558000000000001,0.0
1578474288.196393,61.278499999999994,-0.06970000000000001,0.0
1578474288.3033066,61.2735,-0.07263,0.0
1578474288.424868,61.2685,-0.06577000000000001,0.0
1578474288.5275147,61.28099999999999,-0.0648,0.0
1578474288.6305866,61.2735,-0.05695,0.0
1578474288.7348514,61.271,-0.07462,0.0
1578474288.8390758,61.27850000000001,-0.06969,0.0
1578474288.9434257,61.28099999999999,-0.07361,0.0
1578474289.045688,61.2685,-0.07067999999999999,0.0
1578474289.1484678,61.275999999999996,-0.05399999999999999,0.0
1578474289.250777,61.275999999999996,-0.0746,0.0
1578474289.3536036,61.275999999999996,-0.061849999999999995,0.0
1578474289.4569397,61.271,-0.06971,0.0
1578474289.55999,61.2685,-0.061849999999999995,0.0
1578474289.6638145,61.28099999999999,-0.06871999999999999,0.0
1578474289.7678351,61.271,-0.0746,0.0
1578474289.8708932,61.278499999999994,-0.07756,0.0
1578474289.9729235,61.271,-0.06579,0.0
1578474290.074745,61.271,-0.07755,0.0
1578474290.1902268,61.26850000000002,-0.06774,0.0
1578474290.3062775,61.28099999999999,-0.06283,0.0
1578474290.409366,61.275999999999996,-0.057929999999999995,0.0
1578474290.5137665,61.28099999999999,-0.06969,0.0
1578474290.6185193,61.275999999999996,-0.06675,0.0
1578474290.722679,61.271,-0.06774000000000001,0.0
1578474290.824945,61.283500000000004,-0.06969,0.0
1578474290.927524,61.275999999999996,-0.06774,0.0
1578474291.0303097,61.271,-0.06577999999999999,0.0
1578474291.13286,61.2735,-0.06577999999999999,0.0
1578474291.235172,61.2735,-0.07167000000000001,0.0
1578474291.3388693,61.266000000000005,-0.06576999999999998,0.0
1578474291.443133,61.26850000000002,-0.06969,0.0
1578474291.5468621,61.271,-0.05793,0.0
1578474291.6502755,61.27350000000001,-0.06282000000000001,0.0
1578474291.7527602,61.2735,-0.05990000000000001,0.0
1578474291.8555553,61.275999999999996,-0.06675,0.0
1578474291.9575489,61.2685,-0.06873,0.0
1578474292.0806472,61.2685,-0.05399999999999999,0.0
1578474292.190072,61.275999999999996,-0.05399999999999999,0.0
1578474292.2934618,61.27350000000001,-0.07166999999999998,0.0
1578474292.3982859,61.28099999999999,-0.07264,0.0
1578474292.5019705,61.27350000000001,-0.07166999999999998,0.0
1578474292.606231,61.27350000000001,-0.07069,0.0
1578474292.7086399,61.275999999999996,-0.06185,0.0
1578474292.8107123,61.27350000000001,-0.06282,0.0
1578474292.9127207,61.28099999999999,-0.07264000000000001,0.0
1578474293.0147643,61.271,-0.07756,0.0
1578474293.1176643,61.275999999999996,-0.07067999999999999,0.0
1578474293.2213793,61.27350000000001,-0.06577999999999999,0.0
1578474293.3296695,61.2735,-0.07361999999999999,0.0
1578474293.4335847,61.271,-0.06183999999999999,0.0
1578474293.5369701,61.27850000000001,-0.06382,0.0
1578474293.638713,61.268499999999996,-0.060860000000000004,0.0
1578474293.7407918,61.275999999999996,-0.06872,0.0
1578474293.858873,61.2735,-0.07854,0.0
1578474293.9882421,61.2735,-0.06871999999999999,0.0
1578474294.0912251,61.275999999999996,-0.07853999999999998,0.0
1578474294.194885,61.275999999999996,-0.07264,0.0
1578474294.2995932,61.271,-0.07068,0.0
1578474294.40302,61.276000000000025,-0.06675999999999999,0.0
1578474294.5055418,61.275999999999996,-0.07265,0.0
1578474294.6088183,61.27350000000001,-0.061849999999999995,0.0
1578474294.710972,61.2685,-0.061849999999999995,0.0
1578474294.812892,61.275999999999996,-0.07952000000000001,0.0
1578474294.9157898,61.27850000000001,-0.07558999999999999,0.0
1578474295.0191047,61.275999999999996,-0.06185999999999999,0.0
1578474295.1226637,61.278499999999994,-0.06477999999999999,0.0
1578474295.2264702,61.278499999999994,-0.07558000000000001,0.0
1578474295.3307846,61.266000000000005,-0.06577999999999999,0.0
1578474295.4341831,61.283500000000004,-0.07658000000000001,0.0
1578474295.536716,61.28100000000002,-0.06577,0.0
1578474295.6393607,61.266000000000005,-0.07658000000000001,0.0
1578474295.75356,61.27850000000001,-0.07361999999999999,0.0
1578474295.8701742,61.271,-0.06969999999999998,0.0
1578474295.9736502,61.275999999999996,-0.06577999999999999,0.0
1578474296.0773327,61.28099999999999,-0.07264999999999999,0.0
1578474296.1817303,61.26850000000002,-0.0697,0.0
1578474296.2854252,61.27850000000001,-0.07165999999999999,0.0
1578474296.388165,61.266,-0.07264000000000001,0.0
1578474296.4914484,61.275999999999996,-0.07461999999999999,0.0
1578474296.5947099,61.271,-0.08247,0.0
1578474296.697391,61.271,-0.06480000000000001,0.0
1578474296.8005805,61.27850000000001,-0.06183999999999999,0.0
1578474296.9027905,61.27350000000001,-0.07167,0.0
1578474297.0052342,61.27350000000001,-0.07559,0.0
1578474297.108612,61.27349999999999,-0.06675,0.0
1578474297.2120025,61.26850000000002,-0.0746,0.0
1578474297.3158426,61.271,-0.06971,0.0
1578474297.4187548,61.2635,-0.07365000000000001,0.0
1578474297.5222516,61.2635,-0.0746,0.0
1578474297.647304,61.275999999999996,-0.07953,0.0
1578474297.7553864,61.271,-0.06871,0.0
1578474297.8575778,61.28099999999999,-0.07363,0.0
1578474297.9602475,61.27350000000001,-0.07364,0.0
1578474298.0636559,61.271,-0.07067,0.0
1578474298.167405,61.27850000000001,-0.060869999999999994,0.0
1578474298.2729855,61.27850000000001,-0.06183999999999999,0.0
1578474298.3790467,61.271,-0.06676,0.0
1578474298.4823024,61.271,-0.06380999999999999,0.0
1578474298.5853634,61.271,-0.06381,0.0
1578474298.6885707,61.271,-0.06871999999999999,0.0
1578474298.791801,61.271,-0.07265,0.0
1578474298.896236,61.27350000000001,-0.07264000000000001,0.0
1578474299.000112,61.27850000000001,-0.07066999999999998,0.0
1578474299.1047707,61.278499999999994,-0.07461,0.0
1578474299.2102454,61.2685,-0.07754999999999998,0.0
1578474299.318683,61.2735,-0.0697,0.0
1578474299.4210768,61.2635,-0.06478,0.0
1578474299.552563,61.275999999999996,-0.05793999999999999,0.0
1578474299.6557927,61.271,-0.06087,0.0
1578474299.7587152,61.275999999999996,-0.05597,0.0
1578474299.8632524,61.268499999999996,-0.07067999999999999,0.0
1578474299.9674397,61.2685,-0.06282999999999998,0.0
1578474300.0725749,61.2685,-0.06969,0.0
1578474300.1781259,61.275999999999996,-0.05302,0.0
1578474300.2816403,61.2735,-0.06282,0.0
1578474300.3858013,61.275999999999996,-0.05497,0.0
1578474300.4894972,61.2735,-0.06283,0.0
1578474300.5938017,61.278499999999994,-0.05988,0.0
1578474300.6979496,61.283500000000004,-0.057909999999999996,0.0
1578474300.802187,61.275999999999996,-0.05595999999999999,0.0
1578474300.906712,61.271,-0.06281999999999999,0.0
1578474301.0114546,61.2735,-0.060849999999999994,0.0
1578474301.1161306,61.283500000000004,-0.05106000000000001,0.0
1578474301.2189894,61.271,-0.052039999999999996,0.0
1578474301.3352623,61.275999999999996,-0.057929999999999995,0.0
1578474301.4494343,61.27850000000001,-0.06282,0.0
1578474301.5525951,61.271,-0.052039999999999996,0.0
1578474301.6569176,61.275999999999996,-0.05497,0.0
1578474301.7616205,61.278499999999994,-0.06085999999999999,0.0
1578474301.8666866,61.278499999999994,-0.06381999999999999,0.0
1578474301.9721577,61.271,-0.05989,0.0
1578474302.0751631,61.271,-0.06676,0.0
1578474302.1785355,61.271,-0.06283,0.0
1578474302.2813168,61.275999999999996,-0.06676,0.0
1578474302.3848944,61.275999999999996,-0.057920000000000006,0.0
1578474302.4873052,61.266000000000005,-0.055959999999999996,0.0
1578474302.590645,61.2685,-0.06771999999999999,0.0
1578474302.6938918,61.271,-0.05105,0.0
1578474302.798828,61.27350000000001,-0.05402,0.0
1578474302.9021423,61.275999999999996,-0.05695,0.0
1578474303.0049076,61.275999999999996,-0.054000000000000006,0.0
1578474303.1085703,61.271,-0.05989,0.0
1578474303.2375276,61.278499999999994,-0.06085999999999999,0.0
1578474303.341026,61.275999999999996,-0.0638,0.0
1578474303.4451845,61.271,-0.07557,0.0
1578474303.549653,61.2735,-0.06087,0.0
1578474303.6590905,61.2685,-0.06185,0.0
1578474303.7634673,61.28099999999999,-0.06478999999999999,0.0
1578474303.867196,61.271,-0.061840000000000006,0.0
1578474303.9700816,61.26850000000002,-0.057909999999999996,0.0
1578474304.0729103,61.27850000000001,-0.06282999999999998,0.0
1578474304.1756136,61.2735,-0.06281,0.0
1578474304.2830508,61.2735,-0.07559,0.0
1578474304.3877432,61.27850000000001,-0.05597,0.0
1578474304.4917648,61.27850000000001,-0.07069,0.0
1578474304.5974197,61.271,-0.07166999999999998,0.0
1578474304.7015297,61.27350000000001,-0.07069999999999999,0.0
1578474304.81343,61.278499999999994,-0.06087,0.0
1578474304.92326,61.275999999999996,-0.06675,0.0
1578474305.0346801,61.2685,-0.06579,0.0
1578474305.1563842,61.271,-0.07462,0.0
1578474305.2592545,61.268499999999996,-0.06771999999999999,0.0
1578474305.362929,61.27850000000001,-0.06577,0.0
1578474305.4677799,61.275999999999996,-0.06772999999999998,0.0
1578474305.571955,61.266000000000005,-0.06478,0.0
1578474305.6765335,61.275999999999996,-0.0648,0.0
1578474305.780582,61.27350000000001,-0.06577999999999999,0.0
1578474305.8833644,61.271,-0.07361999999999999,0.0
1578474305.9862804,61.275999999999996,-0.07166999999999998,0.0
1578474306.0892935,61.275999999999996,-0.07167000000000001,0.0
1578474306.1927416,61.2685,-0.0687,0.0
1578474306.2974708,61.2735,-0.07365000000000001,0.0
1578474306.4024262,61.275999999999996,-0.08048999999999999,0.0
1578474306.5081077,61.271,-0.06873,0.0
1578474306.6121805,61.2735,-0.07168,0.0
1578474306.7151787,61.2735,-0.0756,0.0
1578474306.8186026,61.2685,-0.06478999999999999,0.0
1578474306.9401648,61.27850000000001,-0.07067999999999999,0.0
1578474307.0527916,61.26350000000001,-0.06577999999999999,0.0
1578474307.1569107,61.2735,-0.06871000000000001,0.0
1578474307.260918,61.275999999999996,-0.0746,0.0
1578474307.366931,61.266000000000005,-0.08346,0.0
1578474307.470926,61.278499999999994,-0.07657,0.0
1578474307.5753856,61.271,-0.07165999999999999,0.0
1578474307.678353,61.2735,-0.07265,0.0
1578474307.7813988,61.28100000000002,-0.06773,0.0
1578474307.8845015,61.275999999999996,-0.07755999999999999,0.0
1578474307.9882312,61.266000000000005,-0.08247,0.0
1578474308.0910032,61.28099999999999,-0.06576,0.0
1578474308.1949286,61.275999999999996,-0.06381,0.0
1578474308.3046434,61.275999999999996,-0.06578,0.0
1578474308.4093502,61.275999999999996,-0.07167,0.0
1578474308.5153387,61.275999999999996,-0.06675,0.0
1578474308.6185675,61.27350000000001,-0.07264000000000001,0.0
1578474308.7217028,61.275999999999996,-0.07165,0.0
1578474308.8522568,61.275999999999996,-0.07266,0.0
1578474308.95481,61.271,-0.08049999999999999,0.0
1578474309.059918,61.278499999999994,-0.06674999999999999,0.0
1578474309.164531,61.275999999999996,-0.06773,0.0
1578474309.2702613,61.28099999999999,-0.08049,0.0
1578474309.3790836,61.271,-0.06971,0.0
1578474309.4828029,61.271,-0.07067,0.0
1578474309.5855684,61.2685,-0.06085,0.0
1578474309.6891527,61.271,-0.06085999999999999,0.0
1578474309.7920632,61.266,-0.06281999999999999,0.0
1578474309.8952997,61.2735,-0.061839999999999985,0.0
1578474309.9986067,61.2735,-0.07755999999999999,0.0
1578474310.1029305,61.27350000000001,-0.07953,0.0
1578474310.2087195,61.2635,-0.0638,0.0
1578474310.3125474,61.275999999999996,-0.07657,0.0
1578474310.4170191,61.275999999999996,-0.05400999999999999,0.0
1578474310.5200462,61.2685,-0.07658,0.0
1578474310.634555,61.268499999999996,-0.06871,0.0
1578474310.752874,61.27850000000001,-0.08149,0.0
1578474310.8553815,61.2735,-0.06774,0.0
1578474310.958888,61.28099999999999,-0.07853000000000002,0.0
1578474311.06293,61.271,-0.06477999999999999,0.0
1578474311.168572,61.27350000000001,-0.07755999999999999,0.0
1578474311.2727776,61.275999999999996,-0.07853,0.0
1578474311.3783247,61.2735,-0.07165999999999999,0.0
1578474311.481066,61.28099999999999,-0.06872,0.0
1578474311.5841188,61.275999999999996,-0.07165999999999999,0.0
1578474311.6873178,61.275999999999996,-0.06675,0.0
1578474311.7905455,61.271,-0.07755,0.0
1578474311.8942623,61.271,-0.08343999999999999,0.0
1578474311.9974325,61.275999999999996,-0.07264999999999999,0.0
1578474312.1024132,61.28099999999999,-0.07361999999999999,0.0
1578474312.2078247,61.271,-0.07658,0.0
1578474312.3149524,61.271,-0.06477999999999999,0.0
1578474312.4188027,61.275999999999996,-0.07557,0.0
1578474312.5475922,61.271,-0.06382,0.0
1578474312.651541,61.27349999999999,-0.07459999999999999,0.0
1578474312.754809,61.27350000000001,-0.07264,0.0
1578474312.8596826,61.271,-0.06969,0.0
1578474312.9642076,61.2685,-0.07264999999999999,0.0
1578474313.0698593,61.27850000000001,-0.06873,0.0
1578474313.1772883,61.28099999999999,-0.06284,0.0
1578474313.2807581,61.26850000000002,-0.07558,0.0
1578474313.3848033,61.2685,-0.06774,0.0
1578474313.4882655,61.26850000000002,-0.06676000000000001,0.0
1578474313.5916245,61.27850000000001,-0.07461,0.0
1578474313.6955228,61.2735,-0.06578,0.0
1578474313.8010526,61.275999999999996,-0.07755,0.0
1578474313.9077191,61.26850000000002,-0.08542,0.0
1578474314.0130768,61.2685,-0.06283,-0.8039999999999999
1578474314.1170251,61.27350000000001,-0.07755,0.0
1578474314.221854,61.27350000000001,-0.06185,0.0
1578474314.337123,61.28099999999999,-0.06282,0.0
1578474314.4600143,61.266,-0.07361999999999999,0.0
1578474314.5632212,61.275999999999996,-0.07757000000000001,0.0
1578474314.666472,61.2735,-0.06676000000000001,0.0
1578474314.7702305,61.275999999999996,-0.06576000000000001,0.0
1578474314.8755157,61.27850000000001,-0.0746,0.0
1578474314.9809363,61.275999999999996,-0.06575999999999999,0.0
1578474315.0856924,61.27850000000001,-0.07755999999999999,0.0
1578474315.189877,61.2735,-0.07558000000000001,0.0
1578474315.2926784,61.27850000000001,-0.07363,0.0
1578474315.3954206,61.275999999999996,-0.0638,0.0
1578474315.4983506,61.2735,-0.07755000000000001,0.0
1578474315.601245,61.266000000000005,-0.061849999999999995,0.0
1578474315.7047029,61.28100000000002,-0.0697,0.0
1578474315.8192515,61.2735,-0.07559,0.0
1578474315.9327817,61.275999999999996,-0.07067999999999999,0.0
1578474316.0373185,61.27850000000001,-0.07067999999999999,0.0
1578474316.1421854,61.266000000000005,-0.07953,0.0
1578474316.2721128,61.271,-0.07363,0.0
1578474316.375978,61.275999999999996,-0.08541000000000001,0.0
1578474316.4784663,61.275999999999996,-0.06578999999999999,0.0
1578474316.5819588,61.27350000000001,-0.07166,0.0
1578474316.6854818,61.2735,-0.07166,0.0
1578474316.7900352,61.275999999999996,-0.07361999999999999,0.0
1578474316.8946333,61.271,-0.07559,0.0
1578474316.9997509,61.2735,-0.06969,0.0
1578474317.1034443,61.278499999999994,-0.07264,0.0
1578474317.20729,61.28099999999999,-0.08246,0.0
1578474317.3107169,61.275999999999996,-0.06185,0.0
1578474317.4149182,61.2735,-0.05989999999999999,0.0
1578474317.519306,61.275999999999996,-0.07264999999999999,0.0
1578474317.6237838,61.2685,-0.06872,0.0
1578474317.7297096,61.2735,-0.06478999999999999,0.0
1578474317.8339534,61.271,-0.07166999999999998,0.0
1578474317.9386494,61.27850000000001,-0.06871,0.0
1578474318.0504804,61.271,-0.08245999999999999,0.0
1578474318.1702476,61.266,-0.07657,0.0
1578474318.2731168,61.27850000000001,-0.08052000000000001,0.0
1578474318.3759248,61.27350000000001,-0.0697,0.0
1578474318.4796746,61.275999999999996,-0.07265,0.0
1578474318.583785,61.275999999999996,-0.07755000000000001,0.0
1578474318.689753,61.271,-0.0697,0.0
1578474318.794549,61.278499999999994,-0.07166999999999998,0.0
1578474318.89802,61.275999999999996,-0.07755,0.0
1578474319.0011516,61.27350000000001,-0.07559,0.0
1578474319.1039145,61.27350000000001,-0.07363,0.0
1578474319.2072365,61.271,-0.06577,0.0
1578474319.3147373,61.28099999999999,-0.07165999999999997,0.0
1578474319.4191394,61.271,-0.07068,0.0
1578474319.523092,61.27350000000001,-0.06774,0.0
1578474319.6286364,61.271,-0.07067999999999999,0.0
1578474319.7331462,61.27850000000001,-0.07069,0.0
1578474319.8378618,61.275999999999996,-0.06871,0.0
1578474319.9703655,61.28099999999999,-0.06774,0.0
1578474320.078315,61.2735,-0.06185999999999999,0.0
1578474320.1813474,61.27850000000001,-0.07069,0.0
1578474320.2846675,61.271,-0.07854,0.0
1578474320.3893757,61.275999999999996,-0.06477999999999999,0.0
1578474320.4942296,61.26850000000002,-0.07166999999999998,0.0
1578474320.599387,61.275999999999996,-0.07559999999999999,0.0
1578474320.7047892,61.275999999999996,-0.07658,0.0
1578474320.8089702,61.27850000000001,-0.07068,0.0
1578474320.9130101,61.275999999999996,-0.06576,0.0
1578474321.0176497,61.271,-0.06675,0.0
1578474321.1210942,61.275999999999996,-0.07067999999999999,0.0
1578474321.2257285,61.278499999999994,-0.06873,0.0
1578474321.3310072,61.271,-0.07461,0.0
1578474321.4364228,61.27350000000001,-0.08148999999999999,0.0
1578474321.5415983,61.275999999999996,-0.07559,0.0
1578474321.6468503,61.28099999999999,-0.07066999999999998,0.0
1578474321.7554846,61.28099999999999,-0.07263,0.0
1578474321.8762572,61.2735,-0.07363,0.0
1578474321.9783747,61.2685,-0.07559,0.0
1578474322.0805697,61.27850000000001,-0.06576,0.0
1578474322.1841993,61.2735,-0.06871,0.0
1578474322.2883768,61.2685,-0.06674,0.0
1578474322.3932528,61.275999999999996,-0.06479,0.0
1578474322.4971082,61.2735,-0.06675,0.0
1578474322.5994692,61.27350000000001,-0.06381,0.0
1578474322.7017484,61.27850000000001,-0.06970000000000001,0.0
1578474322.8037994,61.266000000000005,-0.06969999999999998,0.0
1578474322.905825,61.275999999999996,-0.06676,0.0
1578474323.0084083,61.275999999999996,-0.07263,0.0
1578474323.1117518,61.28099999999999,-0.08934,0.0
1578474323.2153187,61.268499999999996,-0.07361999999999999,0.0
1578474323.31851,61.2735,-0.07755,0.0
1578474323.42385,61.27850000000001,-0.06774,0.0
1578474323.525909,61.266000000000005,-0.07266,0.0
1578474323.6405647,61.266000000000005,-0.07164,0.0
1578474323.7564504,61.271,-0.07361,0.0
1578474323.8584666,61.271,-0.07854,0.0
1578474323.9618511,61.28099999999999,-0.07166,0.0
1578474324.0646222,61.27350000000001,-0.07363,0.0
1578474324.1691124,61.275999999999996,-0.07459999999999999,0.0
1578474324.2731352,61.27850000000001,-0.06774,0.0
1578474324.3776257,61.275999999999996,-0.060860000000000004,0.0
1578474324.480572,61.27350000000001,-0.06871,0.0
1578474324.5829098,61.283500000000004,-0.06774999999999999,0.0
1578474324.6856554,61.27350000000001,-0.07855000000000001,0.0
1578474324.7877624,61.268499999999996,-0.07755,0.0
1578474324.8924124,61.2735,-0.07558999999999999,0.0
1578474324.9963086,61.2735,-0.07755999999999999,0.0
1578474325.1007354,61.26850000000002,-0.06969,0.0
1578474325.2056968,61.275999999999996,-0.06871999999999999,0.0
1578474325.3112397,61.275999999999996,-0.07067999999999999,0.0
1578474325.413817,61.275999999999996,-0.060880000000000004,0.0
1578474325.5397599,61.271,-0.06774,0.0
1578474325.6483433,61.275999999999996,-0.07754999999999998,0.0
1578474325.750473,61.2685,-0.08738,0.0
1578474325.8525848,61.2735,-0.08148000000000001,0.0
1578474325.9558492,61.271,-0.07854,0.0
1578474326.0592399,61.2735,-0.07067,0.0
1578474326.1629786,61.275999999999996,-0.07461999999999999,0.0
1578474326.2663114,61.271,-0.06774000000000001,0.0
1578474326.3683844,61.275999999999996,-0.06873,0.0
1578474326.4703083,61.271,-0.07558000000000001,0.0
1578474326.5723305,61.275999999999996,-0.07166999999999998,0.0
1578474326.6744936,61.271,-0.07461000000000001,0.0
1578474326.777261,61.275999999999996,-0.07166,0.0
1578474326.896637,61.268499999999996,-0.0648,0.0
1578474327.000541,61.27350000000001,-0.06969,0.0
1578474327.105724,61.271,-0.06577,0.0
1578474327.2097147,61.271,-0.07952000000000001,0.0
1578474327.3156285,61.266000000000005,-0.09033000000000001,0.0
1578474327.4395926,61.266000000000005,-0.06381,0.0
1578474327.5418706,61.271,-0.07655999999999999,0.0
1578474327.6443424,61.2735,-0.0707,0.0
1578474327.7472856,61.271,-0.07854000000000001,0.0
1578474327.8498607,61.2685,-0.07363,0.0
1578474327.9540212,61.27350000000001,-0.07853,0.0
1578474328.058679,61.275999999999996,-0.07951,0.0
1578474328.1635067,61.271,-0.08541000000000001,0.0
1578474328.2668376,61.2735,-0.08147,0.0
1578474328.369565,61.2735,-0.06972,0.0
1578474328.472544,61.27850000000001,-0.07264999999999999,0.0
1578474328.5767734,61.27850000000001,-0.06775,0.0
1578474328.680726,61.27850000000001,-0.06085999999999999,0.0
1578474328.7845533,61.27850000000001,-0.0756,0.0
1578474328.8892517,61.28099999999999,-0.07853,0.0
1578474328.9941618,61.27349999999999,-0.07756,0.0
1578474329.0978236,61.271,-0.07461,0.0
1578474329.2134314,61.275999999999996,-0.07067999999999999,0.0
1578474329.3305755,61.268499999999996,-0.08247000000000002,0.0
1578474329.4330022,61.275999999999996,-0.07461000000000001,0.0
1578474329.5354385,61.271,-0.06870999999999998,0.0
1578474329.6386504,61.2735,-0.07166,0.0
1578474329.7422683,61.28099999999999,-0.07952,0.0
1578474329.8466136,61.271,-0.06871999999999999,0.0
1578474329.9508753,61.27850000000001,-0.06871999999999999,0.0
1578474330.0559292,61.275999999999996,-0.06577,0.0
1578474330.1582997,61.27350000000001,-0.06478999999999999,0.0
1578474330.2607262,61.275999999999996,-0.07067,0.0
1578474330.362991,61.2735,-0.06381,0.0
1578474330.4650497,61.275999999999996,-0.07461000000000001,0.0
1578474330.5690222,61.27350000000001,-0.06675999999999999,0.0
1578474330.6733606,61.271,-0.06283,0.0
1578474330.7770593,61.275999999999996,-0.07264999999999999,0.0
1578474330.8838012,61.266000000000005,-0.07067999999999999,0.0
1578474330.9864175,61.27350000000001,-0.07658,0.0
1578474331.1088405,61.27850000000001,-0.07067999999999999,0.0
1578474331.216492,61.271,-0.07264000000000001,0.0
1578474331.3183656,61.271,-0.06871,0.0
1578474331.421061,61.283500000000004,-0.07068,0.0
1578474331.5246468,61.271,-0.07166999999999998,0.0
1578474331.6298156,61.27850000000001,-0.06872,0.0
1578474331.7338126,61.271,-0.07461000000000001,0.0
1578474331.836299,61.271,-0.06283,0.0
1578474331.940159,61.27350000000001,-0.0795,0.0
1578474332.045457,61.27350000000001,-0.07658000000000001,0.0
1578474332.1477747,61.275999999999996,-0.06477999999999999,0.0
1578474332.2572682,61.271,-0.06577999999999999,0.0
1578474332.36086,61.27850000000001,-0.07165999999999999,0.0
1578474332.4636457,61.271,-0.07658,0.0
1578474332.574216,61.275999999999996,-0.06477999999999998,0.0
1578474332.6783187,61.26850000000002,-0.07461000000000001,0.0
1578474332.783126,61.27350000000001,-0.07166,0.0
1578474332.887457,61.275999999999996,-0.07657,0.0
1578474333.022189,61.27350000000001,-0.07658999999999999,0.0
1578474333.1251297,61.28099999999999,-0.08051,0.0
1578474333.2281625,61.27850000000001,-0.07756,0.0
1578474333.3405933,61.2735,-0.06971,0.0
1578474333.4438205,61.27850000000001,-0.0756,0.0
1578474333.5483656,61.2735,-0.06968,0.0
1578474333.6522725,61.27850000000001,-0.06871999999999999,0.0
1578474333.758068,61.2735,-0.06576999999999998,0.0
1578474333.8622584,61.27850000000001,-0.06871,0.0
1578474333.9676433,61.268499999999996,-0.06282999999999998,0.0
1578474334.070854,61.2735,-0.07459999999999999,0.0
1578474334.1738644,61.275999999999996,-0.06872,0.0
1578474334.2760582,61.2735,-0.0697,0.0
1578474334.3792732,61.266,-0.07558999999999999,0.0
1578474334.4824443,61.275999999999996,-0.07264999999999999,0.0
1578474334.5861974,61.2685,-0.0864,0.0
1578474334.6904151,61.275999999999996,-0.07168,0.0
1578474334.814323,61.26850000000002,-0.07067999999999999,0.0
1578474334.9265711,61.271,-0.07952,0.0
1578474335.0288057,61.2685,-0.061849999999999995,0.0
1578474335.1315153,61.27350000000001,-0.06772999999999998,0.0
1578474335.2341409,61.2735,-0.07951,0.0
1578474335.3363523,61.268499999999996,-0.06676,0.0
1578474335.4395425,61.2735,-0.06772999999999998,0.0
1578474335.5428264,61.27350000000001,-0.06677000000000001,0.0
1578474335.6466525,61.268499999999996,-0.07461999999999999,0.0
1578474335.7504215,61.278499999999994,-0.07264999999999999,0.0
1578474335.8541968,61.27350000000001,-0.06874,0.0
1578474335.9564347,61.275999999999996,-0.07461,0.0
1578474336.0583732,61.27349999999999,-0.06773,0.0
1578474336.1604664,61.271,-0.07264000000000001,0.0
1578474336.2624571,61.275999999999996,-0.06970000000000001,0.0
1578474336.3645277,61.271,-0.07165999999999999,0.0
1578474336.4682052,61.266,-0.08051,0.0
1578474336.572171,61.271,-0.07657,0.0
1578474336.6998253,61.275999999999996,-0.07656999999999999,0.0
1578474336.8131552,61.27350000000001,-0.07364000000000001,0.0
1578474336.9156497,61.2735,-0.06871999999999999,0.0
1578474337.0179834,61.2735,-0.07657,0.0
1578474337.1208403,61.275999999999996,-0.08246,0.0
1578474337.2246604,61.271,-0.0746,0.0
1578474337.3288271,61.266000000000005,-0.07561000000000001,0.0
1578474337.4335895,61.28099999999999,-0.06577,0.0
1578474337.5388865,61.283500000000004,-0.07264999999999999,0.0
1578474337.6436646,61.268499999999996,-0.07361000000000001,0.0
1578474337.7689297,61.271,-0.07265,0.0
1578474337.8720646,61.2635,-0.07855,0.0
1578474337.9756043,61.2735,-0.08344,0.0
1578474338.0783732,61.27350000000001,-0.0697,0.0
1578474338.1813414,61.28099999999999,-0.07067,0.0
1578474338.2845316,61.27850000000001,-0.07263,0.0
1578474338.3885376,61.28099999999999,-0.06969999999999998,0.0
1578474338.4996347,61.275999999999996,-0.07167,0.0
1578474338.631276,61.271,-0.06676,0.0
1578474338.7356746,61.271,-0.0638,0.0
1578474338.8395627,61.266,-0.06577,0.0
1578474338.9424813,61.266000000000005,-0.06773,0.0
1578474339.045503,61.266000000000005,-0.06577,0.0
1578474339.1483963,61.278499999999994,-0.061849999999999995,0.0
1578474339.2518466,61.2735,-0.06674999999999999,0.0
1578474339.3611417,61.28099999999999,-0.07361999999999999,0.0
1578474339.4651866,61.2685,-0.05498000000000001,0.0
1578474339.569493,61.27850000000001,-0.07167,0.0
1578474339.675566,61.2685,-0.06677,0.0
1578474339.778389,61.275999999999996,-0.0687,0.0
1578474339.8814845,61.26850000000002,-0.06772999999999998,0.0
1578474339.9847946,61.27350000000001,-0.06969,0.0
1578474340.0880709,61.271,-0.06578,0.0
1578474340.1922677,61.2735,-0.06381,0.0
1578474340.2973282,61.275999999999996,-0.06478999999999999,0.0
1578474340.4280844,61.271,-0.061840000000000006,0.0
1578474340.541958,61.2735,-0.06479,0.0
1578474340.6462805,61.275999999999996,-0.07069,0.0
1578474340.7495213,61.271,-0.07165999999999999,0.0
1578474340.8521018,61.275999999999996,-0.07462,0.0
1578474340.9555216,61.28099999999999,-0.06676000000000001,0.0
1578474341.0582426,61.275999999999996,-0.07461,0.0
1578474341.1619258,61.2635,-0.0707,0.0
1578474341.2658734,61.27350000000001,-0.06380999999999999,0.0
1578474341.3711488,61.275999999999996,-0.06381,0.0
1578474341.4762335,61.278499999999994,-0.06479,0.0
1578474341.584169,61.27350000000001,-0.06675,0.0
1578474341.6875381,61.271,-0.06674999999999999,0.0
1578474341.7903707,61.275999999999996,-0.07558000000000001,0.0
1578474341.89355,61.2685,-0.06871999999999999,0.0
1578474341.9964423,61.27350000000001,-0.07168,0.0
1578474342.1007237,61.27350000000001,-0.07755,0.0
1578474342.2056935,61.286000000000016,-0.07067999999999999,0.0
1578474342.3436816,61.2735,-0.07953,0.0
1578474342.4483278,61.27350000000001,-0.06773,0.0
1578474342.552964,61.271,-0.0697,0.0
1578474342.6562517,61.28099999999999,-0.07952000000000001,0.0
1578474342.7596989,61.28099999999999,-0.08248,0.0
1578474342.8621852,61.27350000000001,-0.06871,0.0
1578474342.964515,61.271,-0.07755,0.0
1578474343.0683932,61.271,-0.07363,0.0
1578474343.1723254,61.27850000000001,-0.07165999999999999,0.0
1578474343.2770932,61.27850000000001,-0.07167,0.0
1578474343.3810472,61.275999999999996,-0.07166,0.0
1578474343.4846406,61.275999999999996,-0.06284,0.0
1578474343.58781,61.283500000000004,-0.06871999999999999,0.0
1578474343.6902874,61.2635,-0.07264000000000001,0.0
1578474343.7926168,61.283500000000004,-0.08149999999999999,0.0
1578474343.8952048,61.271,-0.08248,0.0
1578474343.9983695,61.27350000000001,-0.0805,0.0
1578474344.1060598,61.271,-0.06577999999999999,0.0
1578474344.2371995,61.271,-0.07166999999999998,0.0
1578474344.3423254,61.275999999999996,-0.06775,0.0
1578474344.4463503,61.275999999999996,-0.06774999999999999,0.0
1578474344.5485208,61.2735,-0.06774,0.0
1578474344.6509235,61.2735,-0.07067999999999999,0.0
1578474344.7537475,61.275999999999996,-0.07263,0.0
1578474344.8564847,61.28099999999999,-0.07166,-0.8039999999999999
1578474344.959776,61.271,-0.0805,0.0
1578474345.0627847,61.2735,-0.07168,0.0
1578474345.166881,61.2735,-0.07263,0.0
1578474345.2714195,61.27350000000001,-0.07852,0.0
1578474345.37447,61.27850000000001,-0.07657,0.0
1578474345.488299,61.275999999999996,-0.07461,0.0
1578474345.592793,61.26850000000002,-0.07463,0.0
1578474345.695569,61.26850000000002,-0.07461999999999999,0.0
1578474345.807129,61.275999999999996,-0.07363,0.0
1578474345.9099634,61.271,-0.07363,0.0
1578474346.0338683,61.271,-0.0864,0.0
1578474346.1429408,61.275999999999996,-0.07852999999999999,0.0
1578474346.2465727,61.275999999999996,-0.06577,0.0
1578474346.350618,61.275999999999996,-0.07167,0.0
1578474346.4607952,61.275999999999996,-0.07067999999999999,-0.8039999999999999
1578474346.5648394,61.28099999999999,-0.07364,0.0
1578474346.6687646,61.27350000000001,-0.07264,0.0
1578474346.7723203,61.2685,-0.0697,0.0
1578474346.876042,61.27850000000001,-0.06972,0.0
1578474346.9801283,61.271,-0.08345,0.0
1578474347.0839684,61.28099999999999,-0.07855,0.0
1578474347.188841,61.27850000000001,-0.08541,0.0
1578474347.2929785,61.27850000000001,-0.07754,0.0
1578474347.396227,61.275999999999996,-0.07461,0.0
1578474347.500211,61.278499999999994,-0.08347000000000002,0.0
1578474347.6034434,61.266000000000005,-0.07362,0.0
1578474347.706336,61.275999999999996,-0.08148999999999999,0.0
1578474347.808606,61.28099999999999,-0.07265,0.0
1578474347.9396641,61.2735,-0.07460999999999998,0.0
1578474348.0421312,61.27850000000001,-0.07361000000000001,0.0
1578474348.1453545,61.27350000000001,-0.07066999999999998,0.0
1578474348.2495286,61.27350000000001,-0.07067,0.0
1578474348.3543098,61.2735,-0.06775,0.0
1578474348.458652,61.28099999999999,-0.07263,0.0
1578474348.5615308,61.275999999999996,-0.06576,0.0
1578474348.6642582,61.275999999999996,-0.06675,0.0
1578474348.7822773,61.266000000000005,-0.060880000000000004,0.0
1578474348.8843913,61.28099999999999,-0.07265,0.0
1578474348.987439,61.27350000000001,-0.06969999999999998,0.0
1578474349.0907338,61.278499999999994,-0.07165,0.0
1578474349.1943572,61.271,-0.06969,0.0
1578474349.2993243,61.275999999999996,-0.06675,0.0
1578474349.4097729,61.27850000000001,-0.06871,0.0
1578474349.5127378,61.2735,-0.07067000000000001,0.0
1578474349.6159234,61.271,-0.06871999999999999,0.0
1578474349.7380998,61.2685,-0.06772,0.0
1578474349.846953,61.283500000000004,-0.07264000000000001,0.0
1578474349.951284,61.27350000000001,-0.07558999999999999,0.0
1578474350.0554368,61.271,-0.06873,0.0
1578474350.1602843,61.26850000000002,-0.06282999999999998,0.0
1578474350.2658706,61.275999999999996,-0.08245,0.0
1578474350.3706117,61.26850000000002,-0.06674999999999999,0.0
1578474350.4737966,61.27350000000001,-0.06576,0.0
1578474350.5770342,61.271,-0.07166999999999998,0.0
1578474350.6801448,61.271,-0.07953000000000002,0.0
1578474350.7838972,61.275999999999996,-0.0638,0.0
1578474350.8864086,61.26850000000002,-0.07070000000000001,0.0
1578474350.9905622,61.278499999999994,-0.06969999999999998,0.0
1578474351.096751,61.27850000000001,-0.06576999999999998,0.0
1578474351.2020414,61.275999999999996,-0.061839999999999985,0.0
1578474351.3059227,61.275999999999996,-0.07263,-0.8039999999999999
1578474351.4119184,61.278499999999994,-0.06478999999999999,0.0
1578474351.5153732,61.271,-0.05693999999999999,0.0
1578474351.6436696,61.2635,-0.07067,0.0
1578474351.746662,61.268499999999996,-0.06871,0.0
1578474351.8500252,61.27850000000001,-0.06477999999999999,0.0
1578474351.9552193,61.275999999999996,-0.07264999999999999,0.0
1578474352.059955,61.26350000000001,-0.07361,0.0
1578474352.1650088,61.27850000000001,-0.06971000000000001,0.0
1578474352.2693946,61.27850000000001,-0.07363,0.0
1578474352.3739288,61.268499999999996,-0.07263,0.0
1578474352.4772131,61.2735,-0.06676,0.0
1578474352.5800724,61.27350000000001,-0.07755999999999999,0.0
1578474352.6830637,61.2685,-0.08049999999999999,0.0
1578474352.7858837,61.275999999999996,-0.06870000000000001,0.0
1578474352.889938,61.2735,-0.07263,0.0
1578474352.9947946,61.275999999999996,-0.06872999999999999,0.0
1578474353.0998807,61.27350000000001,-0.07264000000000001,0.0
1578474353.2041185,61.27850000000001,-0.06576,0.0
1578474353.3086228,61.275999999999996,-0.08148000000000001,0.0
1578474353.4169776,61.28099999999999,-0.07067,0.0
1578474353.544999,61.271,-0.06872,0.0
1578474353.648886,61.275999999999996,-0.07757,0.0
1578474353.752601,61.283500000000004,-0.06971,0.0
1578474353.8567908,61.2685,-0.07756,0.0
1578474353.962719,61.275999999999996,-0.06971,0.0
1578474354.0674229,61.27850000000001,-0.07264,0.0
1578474354.172859,61.2735,-0.08148,0.0
1578474354.2757883,61.271,-0.07167,0.0
1578474354.383887,61.271,-0.07559,0.0
1578474354.4862947,61.27350000000001,-0.07755999999999999,0.0
1578474354.5898168,61.266000000000005,-0.07851999999999999,0.0
1578474354.6933396,61.27350000000001,-0.07560999999999998,0.0
1578474354.7974684,61.271,-0.06774,0.0
1578474354.903586,61.268499999999996,-0.07067999999999999,0.0
1578474355.0079718,61.266000000000005,-0.08248000000000001,0.0
1578474355.1138027,61.2735,-0.0756,0.0
1578474355.2178216,61.27350000000001,-0.06969,0.0
1578474355.3531578,61.271,-0.0697,0.0
1578474355.4557962,61.2735,-0.06772999999999998,0.0
1578474355.5594857,61.271,-0.07263,0.0
1578474355.661942,61.271,-0.06577999999999999,0.0
1578474355.764708,61.275999999999996,-0.06478999999999999,0.0
1578474355.869028,61.2685,-0.07165999999999999,0.0
1578474355.9728491,61.2735,-0.058899999999999994,0.0
1578474356.0771894,61.28099999999999,-0.06382000000000002,0.0
1578474356.1818748,61.2685,-0.057929999999999995,0.0
1578474356.2858799,60.79608,0.0,0.0
1578474356.3880398,60.08374,0.00196,0.0
1578474356.4911346,59.3889,-0.00098,0.0
1578474356.5939257,58.69656000000001,0.0,0.0
1578474356.6966681,58.011720000000004,0.00196,0.0
1578474356.7999845,57.32937,0.0,0.0
1578474356.903663,56.657030000000006,0.00196,0.0
1578474357.0086868,55.97968000000001,0.0,0.0
1578474357.113155,55.31233999999999,0.00098,0.0
1578474357.2453637,54.545010000000005,0.0,0.0
1578474357.3478882,53.82517,0.0,0.0
1578474357.450163,53.18783,0.00098,0.0
1578474357.5530028,52.55797,0.00098,0.0
1578474357.6562617,51.92810999999999,0.00196,0.0
1578474357.7599797,51.303250000000006,0.0,0.0
1578474357.871799,50.66591,0.00196,0.0
1578474357.9770942,50.01605,0.00098,0.0
1578474358.08065,49.40369,0.00098,0.0
1578474358.183734,48.798829999999995,0.00098,0.0
1578474358.2860503,48.20396000000001,0.00294,0.0
1578474358.3895123,47.6116,0.0049,0.0
1578474358.492566,47.03174,-0.00196,0.0
1578474358.5959964,46.446859999999994,0.0,0.0
1578474358.7010112,45.872,-0.00196,0.0
1578474358.80597,45.28963,0.00196,0.0
1578474358.9113736,44.71476,0.0,0.0
1578474359.0334234,44.13239,0.0,0.0
1578474359.1498106,43.44256,0.00196,0.0
1578474359.2612724,42.84018,0.00196,0.0
1578474359.3699865,42.275330000000004,-0.00098,0.0
1578474359.4723115,41.72295,0.00196,0.0
1578474359.5764408,41.190569999999994,0.00196,0.0
1578474359.6803415,40.65068,-0.00098,0.0
1578474359.8082578,40.06833999999999,0.00098,0.0
1578474359.912901,39.480959999999996,0.00196,0.0
1578474360.0179973,38.951069999999994,-0.00196,0.0
1578474360.1207783,38.441199999999995,-0.00098,0.0
1578474360.2238083,37.941320000000005,-0.00196,0.0
1578474360.325847,37.441430000000004,0.00196,0.0
1578474360.4278176,36.95154000000001,0.0,0.0
1578474360.5314798,36.46665,0.00098,0.0
1578474360.6368072,35.97176,0.0,0.0
1578474360.7401252,35.481880000000004,0.0,0.0
1578474360.850391,35.00449,0.0,0.0
1578474360.974405,34.44712,-0.00196,0.0
1578474361.0770762,33.92973,0.00294,0.0
1578474361.1796055,33.46484,-0.00294,0.0
1578474361.2815454,33.00994000000001,0.00098,0.0
1578474361.3843458,32.555040000000005,0.00098,0.0
1578474361.4876947,32.10015,0.00196,0.0
1578474361.5920427,31.645249999999997,0.0,0.0
1578474361.6956131,31.19536,-0.00098,0.0
1578474361.7995596,30.75296,-0.00098,0.0
1578474361.9014294,30.315559999999994,-0.00098,0.0
1578474362.0036416,29.88565,-0.00196,0.0
1578474362.1056392,29.455760000000005,-0.00098,0.0
1578474362.2075417,29.030859999999997,-0.00098,0.0
1578474362.309945,28.613449999999993,0.00196,0.0
1578474362.4125504,28.19854,0.00196,0.0
1578474362.5165732,27.778639999999996,0.00392,0.0
1578474362.6199436,27.366240000000005,0.0,0.0
1578474362.7338498,26.948830000000005,0.00196,0.0
1578474362.853742,26.45645,0.00196,0.0
1578474362.955699,26.036540000000002,0.00196,0.0
1578474363.0574841,25.644129999999997,0.0,0.0
1578474363.1595385,25.256709999999998,-0.00098,0.0
1578474363.2616901,24.8693,0.0,0.0
1578474363.364935,24.4819,0.00098,0.0
1578474363.468479,24.11448,0.00196,0.0
1578474363.5718598,23.77706,0.0,0.0
1578474363.6756217,23.45212,-0.00098,0.0
1578474363.7774832,23.132199999999997,0.0,0.0
1578474363.8796506,22.81979,0.00098,0.0
1578474363.9815257,22.50985,-0.00098,0.0
1578474364.0842857,22.1974,0.00196,0.0
1578474364.188424,21.892500000000002,0.00392,0.0
1578474364.2933178,21.58257,0.00294,0.0
1578474364.4031975,21.262620000000002,0.00196,0.0
1578474364.508472,20.955199999999998,-0.00196,0.0
1578474364.632492,20.64778,-0.00098,0.0
1578474364.7421384,20.29286,0.00098,0.0
1578474364.8448944,20.00041,0.00098,0.0
1578474364.9480755,19.713,0.0,0.0
1578474365.0512664,19.433049999999998,0.00196,0.0
1578474365.1547668,19.1506,0.00098,0.0
1578474365.2588148,18.8782,0.0,0.0
1578474365.363838,18.59324,0.00196,0.0
1578474365.4674149,18.3183,0.00294,0.0
1578474365.5697837,18.05838,0.00098,0.0
1578474365.6718142,17.78341,0.0,0.0
1578474365.7743342,17.533499999999997,0.0,0.0
1578474365.877756,17.26105,0.00098,0.0
1578474365.980812,17.008599999999998,0.0,0.0
1578474366.084039,16.75867,-0.00392,0.0
1578474366.1877427,16.508699999999997,0.00098,0.0
1578474366.291496,16.256300000000003,0.00098,0.0
1578474366.3954484,16.00882,0.00098,0.0
1578474366.5241165,15.738899999999997,0.0,0.0
1578474366.6275706,15.451479999999998,0.0,0.0
1578474366.7303727,15.209,0.0,0.0
1578474366.8330402,14.98158,0.00098,0.0
1578474366.936022,14.741600000000002,-0.00098,0.0
1578474367.0395174,14.509200000000002,-0.00098,0.0
1578474367.1438987,14.279209999999997,0.0,0.0
1578474367.2475874,14.044300000000002,0.00098,0.0
1578474367.3498075,13.821819999999999,0.00098,0.0
1578474367.452855,13.5994,-0.00098,0.0
1578474367.5559084,13.37942,0.0,0.0
1578474367.6586063,13.161999999999997,-0.00196,0.0
1578474367.761769,12.94702,0.0049,0.0
1578474367.8645122,12.7346,0.00098,0.0
1578474367.9677966,12.51962,0.00098,0.0
1578474368.0731957,12.3047,0.00098,0.0
1578474368.1775706,12.09721,0.00294,0.0
1578474368.2823389,11.8898,0.00196,0.0
1578474368.418244,11.64983,0.00196,0.0
1578474368.5216513,11.417400000000002,0.00196,0.0
1578474368.624686,11.21991,0.0,0.0
1578474368.7280915,11.0175,0.00098,0.0
1578474368.8317611,10.8275,-0.00098,0.0
1578474368.9359052,10.63759,0.00098,0.0
1578474369.040983,10.440100000000001,-0.00098,0.0
1578474369.1453977,10.247660000000002,-0.00196,0.0
1578474369.24989,10.0627,-0.00098,0.0
1578474369.3589764,9.870230000000001,0.00196,0.0
1578474369.4628277,9.6828,-0.00196,0.0
1578474369.566973,9.497800000000002,-0.00098,0.0
1578474369.6705785,9.31289,-0.00196,0.0
1578474369.7745557,9.1354,0.0,0.0
1578474369.8779898,8.95795,0.00098,0.0
1578474369.9829595,8.782999999999998,0.005880000000000001,0.0
1578474370.0874863,8.608,0.0,0.0
1578474370.215102,8.4256,0.00294,0.0
1578474370.3277144,8.2131,0.0,0.0
1578474370.4299612,8.05817,-0.00098,0.0
1578474370.5328944,7.9232,0.00098,0.0
1578474370.635673,7.7982,0.0,0.0
1578474370.746484,7.673220000000001,0.00196,0.0
1578474370.8604515,7.5358,-0.00196,0.0
1578474370.9663222,7.4158,0.0,0.0
1578474371.071035,7.2983,-0.00196,0.0
1578474371.174629,7.185870000000001,0.00098,0.0
1578474371.2776246,7.0733999999999995,0.00098,0.0
1578474371.3811524,6.9658999999999995,-0.00098,0.0
1578474371.4834864,6.853399999999999,0.00196,0.0
1578474371.5858526,6.74846,0.00196,0.0
1578474371.6879036,6.6435,0.00098,0.0
1578474371.7910376,6.5409999999999995,-0.00196,0.0
1578474371.8944027,6.4384999999999994,0.00098,0.0
1578474371.998331,6.33605,-0.00098,0.0
1578474372.1313622,6.223599999999999,0.00098,0.0
1578474372.2357209,6.108599999999999,0.0,0.0
1578474372.3396282,6.011099999999999,-0.00098,0.0
1578474372.443194,5.91362,0.0,0.0
1578474372.5459006,5.823699999999999,-0.00098,0.0
1578474372.6488934,5.7312,0.00294,0.0
1578474372.7511837,5.6362,0.00098,0.0
1578474372.8538356,5.5462,0.00098,0.0
1578474372.9581423,5.456259999999999,0.00098,0.0
1578474373.0627732,5.371299999999999,0.00098,0.0
1578474373.167506,5.283800000000001,0.00098,0.0
1578474373.2718925,5.1937999999999995,-0.00196,0.0
1578474373.3758416,5.111299999999999,0.00098,0.0
1578474373.4782052,5.02883,0.00098,0.0
1578474373.5810854,4.943900000000001,0.00196,0.0
1578474373.6841965,4.8639,0.00098,0.0
1578474373.7874315,4.783899999999999,0.00098,0.0
1578474373.8917594,4.7064,-0.00196,0.0
1578474374.0216067,4.61642,0.00196,0.0
1578474374.129803,4.5315,0.0,0.0
1578474374.2333262,4.456499999999999,0.0,0.0
1578474374.3424535,4.3815,-0.00196,0.0
1578474374.4449892,4.3015,-0.00098,0.0
1578474374.547563,4.2315,0.0,0.0
1578474374.6502266,4.16405,-0.00098,0.0
1578474374.752963,4.0941,0.0,0.0
1578474374.856713,4.0241,-0.00196,0.0
1578474374.9605334,3.9541000000000013,0.0,0.0
1578474375.064523,3.8866,0.0,0.0
1578474375.168472,3.8241000000000005,-0.00098,0.0
1578474375.2718081,3.754099999999999,0.0,0.0
1578474375.3742456,3.6941800000000002,0.00294,0.0
1578474375.4769938,3.6267000000000005,0.00098,0.0
1578474375.5795765,3.5666999999999995,0.00098,0.0
1578474375.6822362,3.5017000000000005,-0.00098,0.0
1578474375.7990422,3.4416999999999995,0.00294,0.0
1578474375.919419,3.3692,0.00098,0.0
1578474376.024194,3.30671,-0.00098,0.0
1578474376.128482,3.2492999999999994,0.00098,0.0
1578474376.2327075,3.1893,0.00098,0.0
1578474376.3349733,3.1317999999999997,0.00196,0.0
1578474376.4373221,3.0768,0.00098,0.0
1578474376.5394478,3.0242999999999993,0.0,0.0
1578474376.6413662,2.9718,-0.00098,0.0
1578474376.7437057,2.9143,-0.00098,0.0
1578474376.8470817,2.85681,0.00196,0.0
1578474376.9509337,2.8068999999999997,0.0,0.0
1578474377.0550964,2.7569000000000004,0.00196,0.0
1578474377.157994,2.7069,0.00098,0.0
1578474377.260494,2.6544,0.00294,0.0
1578474377.3628922,2.6094,0.00196,0.0
1578474377.4649148,2.5544,-0.00098,0.0
1578474377.5672815,2.5094000000000003,0.00294,0.0
1578474377.6886847,2.4594,-0.00098,0.0
1578474377.801308,2.40197,0.00196,0.0
1578474377.9049237,2.3594999999999997,0.0,0.0
1578474378.008468,2.3145000000000002,0.00098,0.0
1578474378.1115966,2.2745,0.0,0.0
1578474378.2135258,2.2245,0.00196,0.0
1578474378.3152552,2.182,0.0,0.0
1578474378.41721,2.137,0.00196,0.0
1578474378.5189083,2.097,-0.00098,0.0
1578474378.6213825,2.052,0.00098,0.0
1578474378.7236648,2.0145000000000004,-0.00098,0.0
1578474378.8282082,1.9745199999999996,-0.00098,0.0
1578474378.931565,1.9346000000000003,0.00098,0.0
1578474379.0355887,1.8921,-0.00098,0.0
1578474379.1380723,1.8521,0.00196,0.0
1578474379.240993,1.8146,0.00294,0.0
1578474379.3440337,1.7820999999999998,-0.00098,0.0
1578474379.4474323,1.7396000000000005,0.00098,0.0
1578474379.5828571,1.6996000000000002,0.0,0.0
1578474379.685559,1.6596,0.0,0.0
1578474379.7933507,1.6171000000000002,0.00098,0.0
1578474379.8971405,1.5846,0.00196,0.0
1578474380.000864,1.54961,-0.00098,0.0
1578474380.1028688,1.5147000000000002,-0.00196,0.0
1578474380.2051954,1.4822000000000002,0.00196,0.0
1578474380.307346,1.4472,0.00196,0.0
1578474380.4091861,1.4146999999999996,0.00098,0.0
1578474380.51101,1.3847000000000003,0.00196,0.0
1578474380.6134357,1.3522000000000003,0.00098,0.0
1578474380.7174687,1.3172,-0.00098,0.0
1578474380.8208075,1.2872,0.00196,0.0
1578474380.9248521,1.2572,0.0,0.0
1578474381.0286388,1.2247000000000001,-0.00098,0.0
1578474381.132039,1.1922,-0.00098,0.0
1578474381.2360523,1.1646999999999998,0.00294,0.0
1578474381.3401356,1.1372000000000002,-0.00098,0.0
1578474381.4753222,1.1022100000000001,0.00098,0.0
1578474381.580616,1.0697999999999999,0.0,0.0
1578474381.6859698,1.0372999999999997,0.00196,0.0
1578474381.8042045,1.0098000000000003,0.00098,0.0
1578474381.9085124,0.9823000000000001,0.00098,0.0
1578474382.0119095,0.9547999999999999,0.00098,0.0
1578474382.1153004,0.9298,0.0,0.0
1578474382.2188847,0.9023000000000001,0.0,0.0
1578474382.321943,0.8798000000000001,0.00196,0.0
1578474382.4260156,0.8523,0.00098,0.0
1578474382.5311337,0.8272999999999998,0.0,0.0
1578474382.635548,0.7998000000000001,0.0,0.0
1578474382.741132,0.7773,0.00294,0.0
1578474382.8438706,0.7523000000000002,0.00098,0.0
1578474382.9463854,0.7273000000000001,0.0,0.0
1578474383.0488915,0.7022999999999998,0.00294,0.0
1578474383.151669,0.6798000000000001,0.0,0.0
1578474383.268855,0.6623499999999999,0.0,0.0
1578474383.3878314,0.6349000000000001,0.00294,0.0
1578474383.492659,0.6123999999999999,0.0,0.0
1578474383.5966568,0.5898999999999999,-0.00098,0.0
1578474383.7013233,0.5674,0.0,0.0
1578474383.805707,0.5448999999999999,0.0,0.0
1578474383.9094422,0.5248999999999999,0.00196,0.0
1578474384.0128033,0.4999000000000001,0.00098,0.0
1578474384.1159194,0.47989999999999994,0.00098,0.0
1578474384.2204995,0.46240000000000003,0.00392,0.0
1578474384.3243372,0.44489999999999996,0.00098,0.0
1578474384.433815,0.42489999999999994,0.00098,0.0
1578474384.5388336,0.4024,0.0,0.0
1578474384.6433127,0.38490000000000013,0.00098,0.0
1578474384.7462227,0.36739999999999995,0.0,0.0
1578474384.8494039,0.34989999999999993,0.0,0.0
1578474384.952912,0.3274,0.00098,0.0
1578474385.0557885,0.3099,-0.00098,0.0
1578474385.1824157,0.29490000000000005,0.0,0.0
1578474385.2939177,0.27490000000000003,0.0,0.0
1578474385.4000611,0.24990000000000007,0.00294,0.0
1578474385.504418,0.2399,0.00294,0.0
1578474385.6088362,0.22489999999999993,0.00392,0.0
1578474385.7116742,0.20248999999999998,0.00196,0.0
1578474385.8144307,0.18250000000000005,-0.00098,0.0
1578474385.917359,0.17500000000000002,0.0,0.0
1578474386.0201828,0.14999999999999997,0.00196,0.0
1578474386.123596,0.1375,0.00196,0.0
1578474386.227439,0.125,0.0,0.0
1578474386.3324075,0.1025,0.00196,0.0
1578474386.437058,0.09249999999999999,0.0,0.0
1578474386.5408792,0.07499999999999998,0.00196,0.0
1578474386.643374,0.06,0.0,0.0
1578474386.7456114,0.049999999999999996,0.0,0.0
1578474386.8480415,0.03,0.0,0.0
1578474386.951144,0.024999999999999998,0.00098,0.0
1578474387.0849323,0.0,0.00098,0.0
1578474387.1889954,0.0,0.00098,0.0
1578474387.2928927,0.0,0.00196,0.0
1578474387.3960636,0.0,0.00098,0.0
1578474387.5007198,0.0,0.00294,0.0
1578474387.603891,0.0,0.0,0.0
1578474387.70607,0.0,-0.00196,0.0
1578474387.8085122,0.0,0.00392,0.0
1578474387.9108088,0.0,0.00294,0.0
1578474388.0139093,0.0,0.00196,0.0
1578474388.1175578,0.0,0.00294,0.0
1578474388.22149,0.0,0.0,0.0
1578474388.3255484,0.0,0.00098,0.0
1578474388.4299405,0.0,-0.00098,0.0
1578474388.5326407,0.0,-0.00098,0.0
1578474388.6348484,0.0,0.00098,0.0
1578474388.7379217,0.0,0.00196,0.0
1578474388.8402064,0.0,0.00098,0.0
1578474388.970754,0.0,0.0,0.0
1578474389.0737565,0.0,0.00098,0.0
1578474389.17787,0.0,0.00294,0.0
1578474389.2813275,0.0,-0.00098,0.0
1578474389.3838232,0.0,-0.00196,0.0
1578474389.488834,0.0,-0.00098,0.0
1578474389.5910954,0.0,0.0,0.0
1578474389.6933825,0.0,0.00294,0.0
1578474389.79543,0.0,0.0,0.0
1578474389.8974688,0.0,0.00196,0.0
1578474389.999583,0.0,0.00196,0.0
1578474390.1030068,0.0,0.00196,0.0
1578474390.2064877,0.0,-0.00098,0.0
1578474390.3099313,0.0,0.00098,0.0
1578474390.4132361,0.0,-0.00294,0.0
1578474390.5159628,0.0,0.0,0.0
1578474390.6191597,0.0,-0.00098,0.0
1578474390.7239404,0.0,-0.00098,0.0
1578474390.8485951,0.0,0.00098,0.0
1578474390.9512322,0.0,0.00196,0.0
1578474391.054223,0.0,0.0,0.0
1578474391.1575553,0.0,0.0,0.0
1578474391.2610972,0.0,0.00294,0.0
1578474391.3647265,0.0,0.00196,0.0
1578474391.4675386,0.0,-0.00098,0.0
1578474391.5700963,0.0,0.00196,0.0
1578474391.6731107,0.0,0.00098,0.0
1578474391.775649,0.0,0.0,0.0
1578474391.8783236,0.0,0.00098,0.0
